<?xml version="1.0" encoding="UTF-8"?>
<project-private xmlns="http://www.netbeans.org/ns/project-private/1">
    <editor-bookmarks xmlns="http://www.netbeans.org/ns/editor-bookmarks/2" lastBookmarkId="0"/>
    <open-files xmlns="http://www.netbeans.org/ns/projectui-open-files/2">
        <group>
            <file>file:/D:/code/Game-Caro/Caro/src/main/InterfaceGame.java</file>
            <file>file:/D:/code/Game-Caro/Caro/src/main/About.java</file>
            <file>file:/D:/code/Game-Caro/Caro/src/main/EvalBoard.java</file>
            <file>file:/D:/code/Game-Caro/Caro/src/main/ChessBoard.java</file>
            <file>file:/D:/code/Game-Caro/Caro/src/main/CaroChess.java</file>
            <file>file:/D:/code/Game-Caro/Caro/src/main/Level.java</file>
            <file>file:/D:/code/Game-Caro/Caro/src/main/Help.java</file>
            <file>file:/D:/code/Game-Caro/Caro/src/main/Main.java</file>
            <file>file:/D:/code/Game-Caro/Caro/src/main/MenuGame.java</file>
        </group>
    </open-files>
</project-private>
